Label,# Samples,Average,Median,90% Line,95% Line,99% Line,Min,Max,Error %,App specific
jmeter_login_and_view_dashboard,200,729,716,853,900,962,571,1047,0.0,False
jmeter_view_issue,14412,469,458,539,570,647,357,1282,0.0,False
jmeter_view_dashboard,4233,337,331,392,416,475,243,879,0.0,False
jmeter_search_jql,4666,1001,983,1133,1189,1337,673,15964,0.0,False
jmeter_view_scrum_board,3390,449,446,554,590,665,309,1258,0.0,False
jmeter_view_backlog,2533,697,691,806,845,940,473,1599,0.0,False
jmeter_create_issue:open_quick_create,1697,130,120,167,179,210,90,294,0.0,False
jmeter_create_issue:fill_and_submit_issue_form,1697,373,362,436,462,516,293,633,0.0,False
jmeter_view_kanban_board,2956,414,399,497,522,583,316,846,0.0,False
jmeter_browse_projects,3798,188,180,228,243,281,133,514,0.0,False
jmeter_edit_issue:open_editor,2113,258,250,299,318,370,203,465,0.0,False
jmeter_edit_issue:save_edit,2113,640,602,762,920,1272,374,1655,0.0,False
jmeter_view_project_summary,1267,315,308,367,391,463,239,628,0.0,False
jmeter_add_comment:open_comment,841,214,207,251,265,299,169,376,0.0,False
jmeter_add_comment:save_comment,840,607,592,700,740,819,494,915,0.0,False
jmeter_browse_boards,414,212,205,246,262,292,163,426,0.0,False
selenium_login:open_login_page,135,113,109,121,124,141,96,466,0.0,False
selenium_login:login_and_view_dashboard,135,691,602,738,1269,2076,513,2117,0.0,False
selenium_login,135,805,711,852,1466,2184,617,2222,0.0,False
selenium_project_summary,135,363,359,397,420,452,280,608,0.0,False
selenium_browse_projects_list,135,274,272,308,316,334,226,385,0.0,False
selenium_browse_boards_list,135,1126,1154,1607,1655,1701,206,1715,0.0,False
selenium_create_issue:open_quick_create,135,1144,1163,1554,1616,1669,590,1711,0.0,False
selenium_create_issue:fill_and_submit_issue_form:submit_issue_form,135,1096,1101,1501,1562,1603,595,1610,0.0,False
selenium_create_issue:fill_and_submit_issue_form,135,1680,1663,2043,2134,2248,1140,2291,0.0,False
selenium_create_issue,135,2825,2780,3592,3768,3894,1751,3927,0.0,False
selenium_edit_issue:open_edit_issue_form,135,413,402,469,488,521,352,533,0.0,False
selenium_edit_issue:save_edit_issue_form,135,489,484,540,560,613,401,622,0.0,False
selenium_edit_issue,135,1797,1806,2511,2622,2701,1252,2715,0.0,False
selenium_save_comment:open_comment_form,135,201,195,227,236,261,170,273,0.0,False
selenium_save_comment:submit_form,135,701,698,764,783,824,587,834,0.0,False
selenium_save_comment,135,2036,2013,2451,2517,2564,1397,2574,0.0,False
selenium_search_jql,135,1371,1358,1715,1758,1984,943,2112,0.0,False
selenium_view_scrum_board_backlog,135,1421,1573,1738,1780,1813,768,1841,0.0,False
selenium_view_scrum_board,135,1269,1272,1686,1716,1759,733,1794,0.0,False
selenium_view_kanban_board,135,1320,1311,1677,1733,1790,727,1811,0.0,False
selenium_view_dashboard,135,234,232,261,271,290,195,298,0.0,False
selenium_view_issue,135,440,434,497,516,581,342,622,0.0,False
selenium_log_out,135,315,309,356,376,401,254,433,0.0,False
