Label,# Samples,Average,Median,90% Line,95% Line,99% Line,Min,Max,Error %,App specific
jmeter_login_and_view_dashboard,200,711,700,813,839,919,578,936,0.0,False
jmeter_view_issue,14410,565,557,629,657,724,461,948,0.0,False
jmeter_view_dashboard,4232,328,322,380,401,447,241,541,0.0,False
jmeter_search_jql,4665,1047,1036,1158,1206,1296,805,1673,0.0,False
jmeter_view_scrum_board,3390,427,426,509,543,606,297,884,0.0,False
jmeter_view_backlog,2533,636,630,731,769,851,458,1044,0.0,False
jmeter_create_issue:open_quick_create,1697,123,114,159,170,196,89,274,0.0,False
jmeter_create_issue:fill_and_submit_issue_form,1697,358,346,422,444,489,292,554,0.0,False
jmeter_view_kanban_board,2955,397,385,468,496,541,303,651,0.0,False
jmeter_browse_projects,3799,170,162,205,220,250,126,377,0.0,False
jmeter_edit_issue:open_editor,2113,245,238,283,301,339,197,393,0.0,False
jmeter_edit_issue:save_edit,2113,718,681,830,954,1301,354,1733,0.0,False
jmeter_view_project_summary,1267,294,287,340,363,421,228,497,0.0,False
jmeter_add_comment:open_comment,840,202,195,234,245,280,161,366,0.0,False
jmeter_add_comment:save_comment,840,681,672,749,792,851,565,1017,0.0,False
jmeter_browse_boards,414,205,199,248,259,293,159,340,0.0,False
selenium_login:open_login_page,136,118,113,126,135,188,97,520,0.0,False
selenium_login:login_and_view_dashboard,136,632,564,646,1057,2125,459,2174,0.0,False
selenium_login,136,750,682,770,1304,2232,574,2285,0.0,False
selenium_project_summary,136,346,333,370,400,481,259,1760,0.0,False
selenium_browse_projects_list,136,269,265,305,313,335,217,383,0.0,False
selenium_browse_boards_list,136,1025,1076,1558,1625,1655,198,1692,0.0,False
selenium_create_issue:open_quick_create,136,1152,1166,1540,1615,1648,602,1657,0.0,False
selenium_create_issue:fill_and_submit_issue_form:submit_issue_form,136,1064,1066,1453,1509,1539,597,1553,0.0,False
selenium_create_issue:fill_and_submit_issue_form,136,1636,1660,2024,2045,2108,1130,2201,0.0,False
selenium_create_issue,136,2789,2759,3556,3640,3732,1766,3853,0.0,False
selenium_edit_issue:open_edit_issue_form,136,390,382,428,451,497,350,507,0.0,False
selenium_edit_issue:save_edit_issue_form,136,458,452,500,520,570,401,577,0.0,False
selenium_edit_issue,136,1662,1353,2352,2521,2630,1218,2667,0.0,False
selenium_save_comment:open_comment_form,136,195,189,218,234,250,173,307,0.0,False
selenium_save_comment:submit_form,136,805,797,874,917,996,692,1006,0.0,False
selenium_save_comment,136,2107,2102,2488,2558,2686,1501,2744,0.0,False
selenium_search_jql,136,1747,1695,2234,2347,2543,1184,2700,0.0,False
selenium_view_scrum_board_backlog,136,1407,1534,1702,1751,1799,758,1806,0.0,False
selenium_view_scrum_board,136,1243,1216,1664,1701,1728,719,1750,0.0,False
selenium_view_kanban_board,136,1287,1304,1657,1702,1734,732,1742,0.0,False
selenium_view_dashboard,136,223,220,244,260,293,189,364,0.0,False
selenium_view_issue,136,547,544,595,604,625,456,646,0.0,False
selenium_log_out,136,296,292,317,330,383,262,408,0.0,False
